fold,epoch,learning_rate,train_loss,valid_loss,accuracy,precision_macro,recall_macro,f1_macro,qwk,dice_macro,early_stopping_counter,early_stopped
1,1,0.01,2.8493134014334234,2.4467655588840618,0.3892733564013841,0.32366873825577036,0.3161304388377998,0.31082513863848205,0.35517801931597237,0.31082513863848205,0,False
1,2,9.970689785771798e-05,1.6358906311147354,1.363399359275555,0.6418685121107266,0.6199330883014622,0.6311839047067342,0.599892802336513,0.7550008116736711,0.599892802336513,0,False
1,3,9.883102778550433e-05,1.3515567080372346,1.3837271398511426,0.6453287197231834,0.6652382458129151,0.6029552825282727,0.5908585431194193,0.7369824197625177,0.5908585431194193,1,False
1,4,9.738265855914012e-05,1.2671655954786651,1.3061078396336785,0.671280276816609,0.6489554222580746,0.6871466199315438,0.6570450710742193,0.8040264097418743,0.6570450710742193,0,False
1,5,9.537877098354786e-05,1.1816667811268342,1.3663118999579857,0.6461937716262975,0.6512539077085928,0.6382004958385096,0.6111088308036734,0.7500046323792583,0.6111088308036734,1,False
1,6,9.284285880837946e-05,1.1208784941674104,1.2625194397465935,0.6626297577854672,0.6508612907639142,0.6495783725513447,0.6241103531853234,0.7789776731372926,0.6241103531853234,0,False
1,7,8.980465328528219e-05,1.0626290549353332,1.2610261156641205,0.6998269896193772,0.6978438726411832,0.714345977421878,0.7004950183025032,0.8283454862061346,0.7004950183025032,0,False
1,8,8.629977459615654e-05,0.9877147068717488,1.3253280828739036,0.6756055363321799,0.6953163898343374,0.6861458625830542,0.6845828132129436,0.7999401633128891,0.6845828132129436,1,False
1,9,8.236931423909138e-05,0.9174034105143333,1.327125189633205,0.6730103806228374,0.6916827785431408,0.6692674688669574,0.6744822585279445,0.8074723481711666,0.6744822585279445,2,False
1,10,7.805935326811912e-05,0.8447689074236628,1.4153569788768374,0.671280276816609,0.6960096359191575,0.6887126660875342,0.6898257563351965,0.8057751246845175,0.6898257563351965,3,False
1,11,7.34204220349895e-05,0.7673704527241136,1.390345326374317,0.6626297577854672,0.6759783136384113,0.6812727135979297,0.6766098828564753,0.7949924688873875,0.6766098828564753,4,False
1,12,6.850690776699573e-05,0.6827849155891312,1.5167100955700052,0.6539792387543253,0.6610445917543986,0.6696798349528215,0.6591022143022253,0.7945181750614831,0.6591022143022253,5,False
1,13,6.337641692646103e-05,0.6294797381521509,1.460620991525979,0.6548442906574394,0.6983711537049276,0.6773254314524968,0.6864142892525031,0.7921002906279675,0.6864142892525031,6,False
1,14,5.8089099827638234e-05,0.5805968596345413,1.5808744393546006,0.6167820069204152,0.6888395137503011,0.6908566840586671,0.6839529272006095,0.7706543497741853,0.6839529272006095,7,True
2,1,0.01,2.915372491501607,2.718526812257438,0.3416955017301038,0.2897287242412445,0.29674855908918546,0.273141333713778,0.2818720404662036,0.273141333713778,0,False
2,2,9.970689785771798e-05,1.626046377585421,1.4296260291132434,0.6176470588235294,0.5995724278028378,0.6008685236320688,0.5891857310567142,0.7552323450940172,0.5891857310567142,0,False
2,3,9.883102778550433e-05,1.3498823139494265,1.3537856225309701,0.6410034602076125,0.6653136810279667,0.6011092101179877,0.602915981210263,0.758012110062382,0.602915981210263,0,False
2,4,9.738265855914012e-05,1.2507653219889605,1.3046302536438252,0.6643598615916955,0.6600044360008874,0.6412746251470146,0.6319223412828052,0.7888859750784614,0.6319223412828052,0,False
2,5,9.537877098354786e-05,1.1774523617074564,1.449514860120313,0.6150519031141869,0.628526177823016,0.5995504415786501,0.5947983924947128,0.7636382698282962,0.5947983924947128,1,False
2,6,9.284285880837946e-05,1.1275596546982398,1.3795416725092922,0.6470588235294118,0.6623659003831418,0.604011572611917,0.606816274387915,0.7581414857627923,0.606816274387915,2,False
2,7,8.980465328528219e-05,1.0434382942514848,1.4178208926628375,0.6271626297577855,0.6697949890091455,0.5874031186130274,0.6130939388055928,0.7546125782756157,0.6130939388055928,3,False
2,8,8.629977459615654e-05,0.9979522925347193,1.4529458775602537,0.639273356401384,0.6838425957008186,0.6258268353659767,0.6471214814477582,0.7574515351699176,0.6471214814477582,4,False
2,9,8.236931423909138e-05,0.9219131542943341,1.384085912540041,0.653114186851211,0.6783072003332802,0.6481261813239987,0.6602513782782538,0.784251716458196,0.6602513782782538,5,False
2,10,7.805935326811912e-05,0.8260855292675817,1.4174340601625113,0.6453287197231834,0.6621835474632458,0.6445117423020454,0.6445690099009278,0.7835492762557892,0.6445690099009278,6,False
2,11,7.34204220349895e-05,0.755127584439248,1.4775230082972297,0.6323529411764706,0.668095729802356,0.6312558507703067,0.646294225090579,0.7873172844640883,0.646294225090579,7,True
3,1,0.01,2.855021588530095,2.749772108834365,0.47058823529411764,0.3102631090665729,0.32214918727325365,0.3018668304664719,0.41630451102303734,0.3018668304664719,0,False
3,2,9.970689785771798e-05,1.6354490413385279,1.4301434500464079,0.6254325259515571,0.6507116778310272,0.5747117797622857,0.5685323038447899,0.7419906735115456,0.5685323038447899,0,False
3,3,9.883102778550433e-05,1.3464507550310512,1.2607850477613252,0.6730103806228374,0.6732219730537625,0.6193084431655576,0.6228932191684456,0.8115712331039058,0.6228932191684456,0,False
3,4,9.738265855914012e-05,1.2376201325015626,1.2755211086108766,0.6790657439446367,0.6944705660065711,0.6545309176238285,0.6527195814025095,0.8053233383998895,0.6527195814025095,1,False
3,5,9.537877098354786e-05,1.184020101302223,1.304475031227901,0.6634948096885813,0.6684578377860848,0.6425563504900059,0.6414760620893663,0.8034972802391729,0.6414760620893663,2,False
3,6,9.284285880837946e-05,1.1262704627942874,1.3340642538563958,0.6678200692041523,0.6493042487707527,0.6771844233292785,0.6566198699616294,0.8076786941438495,0.6566198699616294,3,False
3,7,8.980465328528219e-05,1.0485091535277846,1.3757121382088497,0.6479238754325259,0.6533594274509019,0.6429569174736065,0.6385559954498377,0.7950571549534293,0.6385559954498377,4,False
3,8,8.629977459615654e-05,0.9832527066700186,1.2973091700981403,0.6799307958477508,0.668669759789367,0.6577788493893172,0.6493676308785856,0.8199543867833312,0.6493676308785856,5,False
3,9,8.236931423909138e-05,0.9061098756159053,1.40515170343991,0.6479238754325259,0.6924377366476071,0.6249433014666079,0.649530220973827,0.7950310955869825,0.649530220973827,6,False
3,10,7.805935326811912e-05,0.8206817326764334,1.5380698298585826,0.6133217993079585,0.7114701689738547,0.6361034740687892,0.6566364388840034,0.8036514596701831,0.6566364388840034,7,True
4,1,0.01,2.9353178750891176,2.268383844145413,0.3939393939393939,0.32220019917709564,0.3026340420182617,0.30901206421582594,0.4004948724413512,0.30901206421582594,0,False
4,2,9.970689785771798e-05,1.656057167115096,1.4020957247964267,0.6346320346320347,0.6540551399805813,0.573877018945501,0.5872339970901007,0.7512787302702346,0.5872339970901007,0,False
4,3,9.883102778550433e-05,1.348665570717782,1.3390864207826811,0.6484848484848484,0.6315582607128939,0.6246559776666504,0.6056335558782628,0.788475565280817,0.6056335558782628,0,False
4,4,9.738265855914012e-05,1.2645110862271596,1.2320443630218505,0.6891774891774892,0.6892083387753186,0.6511262627946273,0.638763187835688,0.8188327755858975,0.638763187835688,0,False
4,5,9.537877098354786e-05,1.1958151564878576,1.2517365743374003,0.677056277056277,0.6702360996216663,0.6825323509310643,0.6721584005141172,0.820995145631068,0.6721584005141172,1,False
4,6,9.284285880837946e-05,1.150972239183307,1.2492661944751082,0.677056277056277,0.6937595236598227,0.6780074878656003,0.6825121908658416,0.8251523176564256,0.6825121908658416,2,False
4,7,8.980465328528219e-05,1.0740907948116118,1.261973773611003,0.6761904761904762,0.6675482925948104,0.674111095591068,0.6657751511827504,0.833470153629647,0.6657751511827504,3,False
4,8,8.629977459615654e-05,0.9955820174159475,1.3171597616425876,0.6606060606060606,0.697538059347602,0.6501771687422042,0.6692259244647888,0.8132611865924179,0.6692259244647888,4,False
4,9,8.236931423909138e-05,0.9064236931425478,1.4061860368169588,0.6597402597402597,0.6557886033748144,0.6508630370323074,0.6378358912444002,0.8028652552711413,0.6378358912444002,5,False
4,10,7.805935326811912e-05,0.8365612136760797,1.3728914906238687,0.6614718614718614,0.6752040051286852,0.6364866982393005,0.6496624350043037,0.7913832951818554,0.6496624350043037,6,False
4,11,7.34204220349895e-05,0.7365114818807291,1.5262102176403176,0.6562770562770562,0.6811669685982112,0.6233959092774688,0.6418438785215581,0.7871331385460729,0.6418438785215581,7,True
5,1,0.01,2.829283928788657,2.8175135933119675,0.32987012987012987,0.28373363602992957,0.34581848038879803,0.2520537763016761,0.3296744000512868,0.2520537763016761,0,False
5,2,9.970689785771798e-05,1.6519832494555873,1.4461600352977884,0.6095238095238096,0.5760898330727835,0.6063400497158604,0.5569481999631393,0.7289938469969858,0.5569481999631393,0,False
5,3,9.883102778550433e-05,1.35293011970586,1.3861069042107155,0.6320346320346321,0.6502152893644476,0.560455384205593,0.5700427987639285,0.7481016873283877,0.5700427987639285,0,False
5,4,9.738265855914012e-05,1.2637361249915455,1.3088657239387775,0.664069264069264,0.6840967002636831,0.6139148280491855,0.6371969538033605,0.7944950716012646,0.6371969538033605,0,False
5,5,9.537877098354786e-05,1.1786233036163356,1.3786617764111222,0.6528138528138528,0.6636812274600293,0.6379533406423408,0.6265592657585495,0.7701216953420058,0.6265592657585495,1,False
5,6,9.284285880837946e-05,1.1253172157132503,1.3589927767885142,0.6493506493506493,0.6823024341397714,0.6179390163647321,0.6403942007589702,0.8015297594669087,0.6403942007589702,2,False
5,7,8.980465328528219e-05,1.06343971806414,1.3013578751991535,0.6683982683982684,0.6670916942081948,0.6766928914101211,0.6675578559926386,0.7993917288344775,0.6675578559926386,0,False
5,8,8.629977459615654e-05,0.9880684316158295,1.3079830675289548,0.6753246753246753,0.6875950309664243,0.6715827267939956,0.6766872808469507,0.8152528163188256,0.6766872808469507,1,False
5,9,8.236931423909138e-05,0.9033347267696189,1.4270113250304912,0.6545454545454545,0.6552646981585853,0.6170184447870779,0.6246853175188625,0.7802043766731348,0.6246853175188625,2,False
5,10,7.805935326811912e-05,0.8497305869746785,1.4663378785396444,0.6354978354978355,0.6429525385103375,0.6403535893555888,0.6406844399725475,0.7999047975247356,0.6406844399725475,3,False
5,11,7.34204220349895e-05,0.7440322076057481,1.4356142011182063,0.6406926406926406,0.6514708114635821,0.6569134661059443,0.6501743099752598,0.8022279760872848,0.6501743099752598,4,False
5,12,6.850690776699573e-05,0.6771377673095486,1.5260462012784235,0.6285714285714286,0.651211483789238,0.6231699653086485,0.6249281167924685,0.7783719479125968,0.6249281167924685,5,False
5,13,6.337641692646103e-05,0.6254653884259063,1.6004159808158875,0.6112554112554113,0.6219952174929981,0.6450349040194954,0.6314994253574439,0.7725992519489884,0.6314994253574439,6,False
5,14,5.8089099827638234e-05,0.5766589709116101,1.4775799652625774,0.6571428571428571,0.6668073115166356,0.6444926790238148,0.6507473519954734,0.7794285193455772,0.6507473519954734,7,True
